Workbook

Sheet Танилцуулга
A1: ЛАБОРАТОРИ 4 · KANBAN СИМУЛЯЦ
A2: Naad онлайн дуудлага худалдаа | Лаб 3-ын Sprint 1 | 2026.10.02–10.15 | 10 ажлын өдөр
A4: Үзүүлэлт | B4: Утга | C4: Тайлбар
A5: Төслийн нэр | B5: Naad онлайн дуудлага худалдаа | C5: Лаб 3-ын Sprint Backlog-оос шууд авсан.
A6: Баг | B6: Turbold, Amarmend, Shiirevninj, Munkhgerelt | C6: 4 гишүүн
A7: Sprint Goal | B7: Бүртгэл → нэвтрэлт → худалдаа харах → санал илгээх | C7: Лаб 3-ын зорилгын товч утга
A8: Sprint Capacity | B8: 48 SP | C8: Лаб 3-ын Capacity хуудас
A9: Сонгосон Story | B9: 7 story / 47 SP | C9: US-01, US-02, US-15, US-03, US-04, US-07, US-08
A10: Kanban карт | B10: 9 карт | C10: 7 story + 2 story доторх техникийн task; шинэ story нэмээгүй
A11: In Progress WIP | B11: 3 | C11: Нэг өдөрт 3-аас ихгүй
A12: Review WIP | B12: 2 | C12: Нэг өдөрт 2-оос ихгүй
A13: Хугацаа | B13: 2026.10.02–2026.10.15 | C13: Амралтын өдрүүдийг алгассан 10 ажлын өдөр
A14: Өгөгдлийн төрөл | B14: СИМУЛЯЦ | C14: Бодитоор програм хөгжүүлсэн гэсэн нотолгоо биш
A15: Тооцоолол | B15: Ажлын өдрөөр | C15: Cycle: In Progress→Done; Lead: To Do→Done; эхэлсэн өдрийг оруулахгүй

Sheet Карт ба хугацаа
A1: KANBAN · КАРТЫН ШИЛЖИЛТ БА ХУГАЦАА
A2: Огноо нь 10 ажлын өдрийн симуляц. Cycle/Lead Time-ийг ажлын өдрөөр тооцно.
A4: Карт | B4: User Story / Техникийн task | C4: Төрөл | D4: SP | E4: To Do | F4: In Progress | G4: Review | H4: Done | I4: Cycle (аж.өдөр) | J4: Lead (аж.өдөр) | K4: Шалгалт
A5: US-01 | B5: Шинэ хэрэглэгчийн хувьд би утас эсвэл цахим шуудангаа баталгаажуулан бүртгүүлэхийг хүсэж байна. Ингэснээр дуудлага худалдаанд өөрийн бүртгэлээр оролцох боломжтой болно. | C5: Story | D5: 5 | E5: 46297 | F5: 46297 | G5: 46300 | H5: 46301 | I5: =NETWORKDAYS(F5,H5)-1 -> 2 | J5: =NETWORKDAYS(E5,H5)-1 -> 2 | K5: =IF(AND(E5<=F5,F5<=G5,G5<=H5),"OK","ШАЛГА") -> OK
A6: US-02 | B6: Бүртгэлтэй хэрэглэгчийн хувьд би өөрийн бүртгэлд нэвтрэхийг хүсэж байна. Ингэснээр зөвшөөрөгдсөн үйлдлүүдээ аюулгүй гүйцэтгэх боломжтой болно. | C6: Story | D6: 3 | E6: 46297 | F6: 46297 | G6: 46300 | H6: 46302 | I6: =NETWORKDAYS(F6,H6)-1 -> 3 | J6: =NETWORKDAYS(E6,H6)-1 -> 3 | K6: =IF(AND(E6<=F6,F6<=G6,G6<=H6),"OK","ШАЛГА") -> OK
A7: US-15 | B7: Дуудлага худалдаа зохион байгуулагчийн хувьд би барааны мэдээлэл, төрөл, хугацааг тохируулан худалдаа зарлахыг хүсэж байна. Ингэснээр оролцогчдод бараагаа санал болгох боломжтой болно. | C7: Story | D7: 8 | E7: 46297 | F7: 46300 | G7: 46302 | H7: 46303 | I7: =NETWORKDAYS(F7,H7)-1 -> 3 | J7: =NETWORKDAYS(E7,H7)-1 -> 4 | K7: =IF(AND(E7<=F7,F7<=G7,G7<=H7),"OK","ШАЛГА") -> OK
A8: US-03 | B8: Оролцогчийн хувьд би идэвхтэй дуудлага худалдааг ангиллаар шүүн харахыг хүсэж байна. Ингэснээр сонирхсон барааныхаа худалдааг хурдан олох боломжтой болно. | C8: Story | D8: 5 | E8: 46297 | F8: 46301 | G8: 46303 | H8: 46304 | I8: =NETWORKDAYS(F8,H8)-1 -> 3 | J8: =NETWORKDAYS(E8,H8)-1 -> 5 | K8: =IF(AND(E8<=F8,F8<=G8,G8<=H8),"OK","ШАЛГА") -> OK
A9: US-04 | B9: Оролцогчийн хувьд би сонгосон барааны мэдээлэл болон шинэчлэгдэж буй үнийг харахыг хүсэж байна. Ингэснээр санал илгээх эсэхээ бодит мэдээлэлд үндэслэн шийдэх боломжтой болно. | C9: Story | D9: 8 | E9: 46297 | F9: 46302 | G9: 46304 | H9: 46307 | I9: =NETWORKDAYS(F9,H9)-1 -> 3 | J9: =NETWORKDAYS(E9,H9)-1 -> 6 | K9: =IF(AND(E9<=F9,F9<=G9,G9<=H9),"OK","ШАЛГА") -> OK
A10: US-07 | B10: Оролцох эрхтэй хэрэглэгчийн хувьд би идэвхтэй дуудлага худалдаанд үнийн санал илгээхийг хүсэж байна. Ингэснээр барааг авахын төлөө өрсөлдөх боломжтой болно. | C10: Story | D10: 13 | E10: 46297 | F10: 46303 | G10: 46308 | H10: 46310 | I10: =NETWORKDAYS(F10,H10)-1 -> 5 | J10: =NETWORKDAYS(E10,H10)-1 -> 9 | K10: =IF(AND(E10<=F10,F10<=G10,G10<=H10),"OK","ШАЛГА") -> OK
A11: US-08 | B11: Санал илгээсэн оролцогчийн хувьд би саналынхаа боловсруулалтын төлөв болон эцсийн хариуг харахыг хүсэж байна. Ингэснээр санал бүртгэгдсэн эсэхэд эргэлзэхгүй байх боломжтой болно. | C11: Story | D11: 5 | E11: 46297 | F11: 46307 | G11: 46309 | H11: 46310 | I11: =NETWORKDAYS(F11,H11)-1 -> 3 | J11: =NETWORKDAYS(E11,H11)-1 -> 9 | K11: =IF(AND(E11<=F11,F11<=G11,G11<=H11),"OK","ШАЛГА") -> OK
A12: T-01 | B12: US-01: Баталгаажуулах кодын шалгалтын тест | C12: Task / US-01 | D12: 0 | E12: 46297 | F12: 46300 | G12: 46301 | H12: 46302 | I12: =NETWORKDAYS(F12,H12)-1 -> 2 | J12: =NETWORKDAYS(E12,H12)-1 -> 3 | K12: =IF(AND(E12<=F12,F12<=G12,G12<=H12),"OK","ШАЛГА") -> OK
A13: T-07 | B13: US-07: Санал илгээх алдааны нөхцөлийн тест | C13: Task / US-07 | D13: 0 | E13: 46297 | F13: 46304 | G13: 46307 | H13: 46308 | I13: =NETWORKDAYS(F13,H13)-1 -> 2 | J13: =NETWORKDAYS(E13,H13)-1 -> 7 | K13: =IF(AND(E13<=F13,F13<=G13,G13<=H13),"OK","ШАЛГА") -> OK
A15: Дундаж | I15: =AVERAGE(I5:I13) -> 2.8888889 | J15: =AVERAGE(J5:J13) -> 5.3333333
A16: Хамгийн удаан карт | B16: =INDEX(A5:A13,MATCH(MAX(I5:I13),I5:I13,0)) -> US-07 | I16: =MAX(I5:I13) -> 5
A18: SP=0 техникийн task-ууд нь US-01/US-07 story-д багтсан, 47 SP дээр дахин нэмэгдэхгүй.

Sheet Kanban Board
A1: KANBAN BOARD · ӨДӨР ТУТМЫН ТӨЛӨВ
A2: 10 өдрийн симуляц; хүснэгтийн мөр бүр тухайн өдрийн ажлын төгсгөлийн төлөвийг харуулна.
A4: Огноо | B4: To Do | C4: In Progress (≤3) | D4: Review (≤2) | E4: Done | F4: IP тоо | G4: Review тоо | H4: WIP шалгалт
A5: 46297 | B5: US-15, US-03, US-04, US-07, US-08, T-01, T-07 | C5: US-01, US-02 | D5: — | E5: — | F5: ='CFD өгөгдөл'!C5 -> 2 | G5: ='CFD өгөгдөл'!D5 -> 0 | H5: =IF(AND(F5<=3,G5<=2),"OK","WIP ЗӨРЧСӨН") -> OK
A6: 46300 | B6: US-03, US-04, US-07, US-08, T-07 | C6: US-15, T-01 | D6: US-01, US-02 | E6: — | F6: ='CFD өгөгдөл'!C6 -> 2 | G6: ='CFD өгөгдөл'!D6 -> 2 | H6: =IF(AND(F6<=3,G6<=2),"OK","WIP ЗӨРЧСӨН") -> OK
A7: 46301 | B7: US-04, US-07, US-08, T-07 | C7: US-15, US-03 | D7: US-02, T-01 | E7: US-01 | F7: ='CFD өгөгдөл'!C7 -> 2 | G7: ='CFD өгөгдөл'!D7 -> 2 | H7: =IF(AND(F7<=3,G7<=2),"OK","WIP ЗӨРЧСӨН") -> OK
A8: 46302 | B8: US-07, US-08, T-07 | C8: US-03, US-04 | D8: US-15 | E8: US-01, US-02, T-01 | F8: ='CFD өгөгдөл'!C8 -> 2 | G8: ='CFD өгөгдөл'!D8 -> 1 | H8: =IF(AND(F8<=3,G8<=2),"OK","WIP ЗӨРЧСӨН") -> OK
A9: 46303 | B9: US-08, T-07 | C9: US-04, US-07 | D9: US-03 | E9: US-01, US-02, US-15, T-01 | F9: ='CFD өгөгдөл'!C9 -> 2 | G9: ='CFD өгөгдөл'!D9 -> 1 | H9: =IF(AND(F9<=3,G9<=2),"OK","WIP ЗӨРЧСӨН") -> OK
A10: 46304 | B10: US-08 | C10: US-07, T-07 | D10: US-04 | E10: US-01, US-02, US-15, US-03, T-01 | F10: ='CFD өгөгдөл'!C10 -> 2 | G10: ='CFD өгөгдөл'!D10 -> 1 | H10: =IF(AND(F10<=3,G10<=2),"OK","WIP ЗӨРЧСӨН") -> OK
A11: 46307 | B11: — | C11: US-07, US-08 | D11: T-07 | E11: US-01, US-02, US-15, US-03, US-04, T-01 | F11: ='CFD өгөгдөл'!C11 -> 2 | G11: ='CFD өгөгдөл'!D11 -> 1 | H11: =IF(AND(F11<=3,G11<=2),"OK","WIP ЗӨРЧСӨН") -> OK
A12: 46308 | B12: — | C12: US-08 | D12: US-07 | E12: US-01, US-02, US-15, US-03, US-04, T-01, T-07 | F12: ='CFD өгөгдөл'!C12 -> 1 | G12: ='CFD өгөгдөл'!D12 -> 1 | H12: =IF(AND(F12<=3,G12<=2),"OK","WIP ЗӨРЧСӨН") -> OK
A13: 46309 | B13: — | C13: — | D13: US-07, US-08 | E13: US-01, US-02, US-15, US-03, US-04, T-01, T-07 | F13: ='CFD өгөгдөл'!C13 -> 0 | G13: ='CFD өгөгдөл'!D13 -> 2 | H13: =IF(AND(F13<=3,G13<=2),"OK","WIP ЗӨРЧСӨН") -> OK
A14: 46310 | B14: — | C14: — | D14: — | E14: US-01, US-02, US-15, US-03, US-04, US-07, US-08, T-01, T-07 | F14: ='CFD өгөгдөл'!C14 -> 0 | G14: ='CFD өгөгдөл'!D14 -> 0 | H14: =IF(AND(F14<=3,G14<=2),"OK","WIP ЗӨРЧСӨН") -> OK
A16: Анхны төлөв: 10/02-ны эхэнд 9 карт бүгд To Do. Хүснэгтэд өдрийн эцсийн төлөвийг үзүүлэв.

Sheet CFD өгөгдөл
A1: CUMULATIVE FLOW DIAGRAM · ӨДӨР ТУТМЫН ТОО
A2: Нийт 9 карт тогтмол; өдөр бүр 4 төлөвийн нийлбэр 9 байх ёстой.
A4: Огноо | B4: To Do | C4: In Progress | D4: Review | E4: Done | F4: Нийт карт | G4: Шалгалт
A5: 46297 | B5: 7 | C5: 2 | D5: 0 | E5: 0 | F5: =SUM(B5:E5) -> 9 | G5: =IF(F5=9,"OK","ШАЛГА") -> OK
A6: 46300 | B6: 5 | C6: 2 | D6: 2 | E6: 0 | F6: =SUM(B6:E6) -> 9 | G6: =IF(F6=9,"OK","ШАЛГА") -> OK
A7: 46301 | B7: 4 | C7: 2 | D7: 2 | E7: 1 | F7: =SUM(B7:E7) -> 9 | G7: =IF(F7=9,"OK","ШАЛГА") -> OK
A8: 46302 | B8: 3 | C8: 2 | D8: 1 | E8: 3 | F8: =SUM(B8:E8) -> 9 | G8: =IF(F8=9,"OK","ШАЛГА") -> OK
A9: 46303 | B9: 2 | C9: 2 | D9: 1 | E9: 4 | F9: =SUM(B9:E9) -> 9 | G9: =IF(F9=9,"OK","ШАЛГА") -> OK
A10: 46304 | B10: 1 | C10: 2 | D10: 1 | E10: 5 | F10: =SUM(B10:E10) -> 9 | G10: =IF(F10=9,"OK","ШАЛГА") -> OK
A11: 46307 | B11: 0 | C11: 2 | D11: 1 | E11: 6 | F11: =SUM(B11:E11) -> 9 | G11: =IF(F11=9,"OK","ШАЛГА") -> OK
A12: 46308 | B12: 0 | C12: 1 | D12: 1 | E12: 7 | F12: =SUM(B12:E12) -> 9 | G12: =IF(F12=9,"OK","ШАЛГА") -> OK
A13: 46309 | B13: 0 | C13: 0 | D13: 2 | E13: 7 | F13: =SUM(B13:E13) -> 9 | G13: =IF(F13=9,"OK","ШАЛГА") -> OK
A14: 46310 | B14: 0 | C14: 0 | D14: 0 | E14: 9 | F14: =SUM(B14:E14) -> 9 | G14: =IF(F14=9,"OK","ШАЛГА") -> OK

Sheet Дүгнэлт
A1: ЛАБ 4 · CYCLE TIME ДҮН ШИНЖИЛГЭЭ
A2: Лаб 3-ын 47 SP, 7 story дээр тулгуурласан 9 картын симуляц.
A4: Хэсэг | B4: Дүгнэлт
A5: Аргачлал | B5: 2026.10.02–10.15-ны 10 ажлын өдрийг симуляцалж, 7 Sprint Story болон тэдгээрийн 2 техникийн task-ийг 4 төлөвөөр шилжүүлсэн.
A6: Хугацааны хэмжүүр | B6: Cycle Time = In Progress-оос Done хүртэлх ажлын өдрийн зөрүү; Lead Time = To Do-оос Done хүртэлх ажлын өдрийн зөрүү.
A7: Дундаж Cycle Time | B7: Доорх холбоос томьёо нь Карт ба хугацаа хуудаснаас автоматаар тооцно.
A8: Хамгийн удаан ажил | B8: US-07: санал илгээх функц. Олон нөхцөл, баталгаажуулалт болон шалгалттай тул бусдаас удаан үргэлжилсэн гэж симуляцласан.
A9: Bottleneck | B9: US-07-ийн Review-д хүлээх болон алдааны нөхцөл шалгах хугацаа нь нийт Cycle Time-ийг уртасгасан байж болохыг загварчилсан. Бодит хэмжилт биш.
A10: WIP-ийн нөлөө | B10: WIP хязгаарлалтгүй бол олон ажил зэрэг эхлэх ч Review-д бөөгнөрч, дуусах хугацаа уртсах эрсдэлтэй. 3/2 хязгаарлалт нь ажлыг дуусгахад төвлөрөх боломж олгов.
A11: CFD тайлбар | B11: Өдөр бүр To Do, In Progress, Review, Done төлөвийн картын тоог тооцож, stacked area графикаар урсгалын өөрчлөлтийг харуулав.
A12: Анхааруулга | B12: Эдгээр огноо, үр дүн нь сургалтын зорилготой симуляц бөгөөд бодит гүйцэтгэлийн тайлан биш.
A14: Дундаж Cycle Time | B14: ='Карт ба хугацаа'!I15 -> 2.8888889
A15: Дундаж Lead Time | B15: ='Карт ба хугацаа'!J15 -> 5.3333333
A16: Хамгийн удаан карт | B16: ='Карт ба хугацаа'!B16 -> US-07
A17: Хамгийн урт Cycle Time | B17: ='Карт ба хугацаа'!I16 -> 5
